index,video_url
1,https://www.tiktok.com/@cnn/video/7669901102774504718
2,https://www.tiktok.com/@cnn/video/7669880799126195470
3,https://www.tiktok.com/@cnn/video/7669875027751275790
4,https://www.tiktok.com/@cnn/video/7669863815554600206
5,https://www.tiktok.com/@cnn/video/7669854698307947790
6,https://www.tiktok.com/@cnn/video/7669850161924885773
7,https://www.tiktok.com/@cnn/video/7669845382108597517
8,https://www.tiktok.com/@cnn/video/7669832134374411534
9,https://www.tiktok.com/@cnn/video/7669827750663884045
10,https://www.tiktok.com/@cnn/video/7669825752673570062
11,https://www.tiktok.com/@cnn/video/7669823716464807181
12,https://www.tiktok.com/@cnn/video/7669774616285465869
13,https://www.tiktok.com/@cnn/video/7669773752275701006
14,https://www.tiktok.com/@cnn/video/7669765917080915214
15,https://www.tiktok.com/@cnn/video/7669762160066710798
16,https://www.tiktok.com/@cnn/video/7669712430942915853
17,https://www.tiktok.com/@cnn/video/7669701309829762317
18,https://www.tiktok.com/@cnn/video/7669697492954451213
19,https://www.tiktok.com/@cnn/video/7669679768983407885
20,https://www.tiktok.com/@cnn/video/7669626041094262030
21,https://www.tiktok.com/@cnn/video/7669620890233031949
22,https://www.tiktok.com/@cnn/video/7669619227774553358
23,https://www.tiktok.com/@cnn/video/7669532069596384525
24,https://www.tiktok.com/@cnn/video/7669536127346363661
25,https://www.tiktok.com/@cnn/video/7669526490094128398
26,https://www.tiktok.com/@cnn/video/7669524905322368269
27,https://www.tiktok.com/@cnn/video/7669508631112600845
28,https://www.tiktok.com/@cnn/video/7669464371973623053
29,https://www.tiktok.com/@cnn/video/7669437942695218446
30,https://www.tiktok.com/@cnn/video/7668528375874473230
31,https://www.tiktok.com/@cnn/video/7668738614506884365
32,https://www.tiktok.com/@cnn/video/7669362353401564430
33,https://www.tiktok.com/@cnn/video/7669333695634967821
34,https://www.tiktok.com/@cnn/video/7669271491376139533
35,https://www.tiktok.com/@cnn/video/7668385596733164814
36,https://www.tiktok.com/@cnn/video/7669264780535926029
37,https://www.tiktok.com/@cnn/video/7669243129500798222
38,https://www.tiktok.com/@cnn/video/7669228126106422542
39,https://www.tiktok.com/@cnn/video/7669200043894639886
40,https://www.tiktok.com/@cnn/video/7669166300672920846
41,https://www.tiktok.com/@cnn/video/7669109521628843278
42,https://www.tiktok.com/@cnn/video/7668905849401642253
43,https://www.tiktok.com/@cnn/video/7669096884040060173
44,https://www.tiktok.com/@cnn/video/7669092059747323149
45,https://www.tiktok.com/@cnn/video/7668380794024398094
46,https://www.tiktok.com/@cnn/video/7668732329438825742
47,https://www.tiktok.com/@cnn/video/7668527028517227790
48,https://www.tiktok.com/@cnn/video/7669053449153056013
49,https://www.tiktok.com/@cnn/video/7668340827336297741
50,https://www.tiktok.com/@cnn/video/7668987528107592974
51,https://www.tiktok.com/@cnn/video/7668894310703582477
52,https://www.tiktok.com/@cnn/video/7668891777725713677
53,https://www.tiktok.com/@cnn/video/7668883749555162382
54,https://www.tiktok.com/@cnn/video/7668874756451618062
55,https://www.tiktok.com/@cnn/video/7668863063742860557
56,https://www.tiktok.com/@cnn/video/7668853606891719949
57,https://www.tiktok.com/@cnn/video/7668847202697039118
58,https://www.tiktok.com/@cnn/video/7668841697924631821
59,https://www.tiktok.com/@cnn/video/7668832526462487821
60,https://www.tiktok.com/@cnn/video/7668821852046806285
61,https://www.tiktok.com/@cnn/video/7668815756729011469
62,https://www.tiktok.com/@cnn/video/7668807514636520717
63,https://www.tiktok.com/@cnn/video/7668801481218247950
64,https://www.tiktok.com/@cnn/video/7668793291856416014
65,https://www.tiktok.com/@cnn/video/7668770438452874510
66,https://www.tiktok.com/@cnn/video/7668755768459447566
67,https://www.tiktok.com/@cnn/video/7668754774996651277
68,https://www.tiktok.com/@cnn/video/7668743987213241614
69,https://www.tiktok.com/@cnn/video/7668740812317953294
70,https://www.tiktok.com/@cnn/video/7668739210874080525
71,https://www.tiktok.com/@cnn/video/7668731316120358157
72,https://www.tiktok.com/@cnn/video/7668723778783841550
73,https://www.tiktok.com/@cnn/video/7668712218757696781
74,https://www.tiktok.com/@cnn/video/7668699913781497101
75,https://www.tiktok.com/@cnn/video/7668706531520695566
76,https://www.tiktok.com/@cnn/video/7668696700797635853
77,https://www.tiktok.com/@cnn/video/7668685105547709710
78,https://www.tiktok.com/@cnn/video/7668670182860115213
79,https://www.tiktok.com/@cnn/video/7668668298179169550
80,https://www.tiktok.com/@cnn/video/7668663334761254158
81,https://www.tiktok.com/@cnn/video/7668656884584369421
82,https://www.tiktok.com/@cnn/video/7668651010147011853
83,https://www.tiktok.com/@cnn/video/7668561264762785038
84,https://www.tiktok.com/@cnn/video/7668532162764819726
85,https://www.tiktok.com/@cnn/video/7668513078186626317
86,https://www.tiktok.com/@cnn/video/7668491755959962894
87,https://www.tiktok.com/@cnn/video/7668488001143573773
88,https://www.tiktok.com/@cnn/video/7668487818506734861
89,https://www.tiktok.com/@cnn/video/7668476878130253070
90,https://www.tiktok.com/@cnn/video/7668473774299286797
91,https://www.tiktok.com/@cnn/video/7668467161995709710
92,https://www.tiktok.com/@cnn/video/7668458362970885390
93,https://www.tiktok.com/@cnn/video/7668428323457928462
94,https://www.tiktok.com/@cnn/video/7668402054783651085
95,https://www.tiktok.com/@cnn/video/7668397537551813902
96,https://www.tiktok.com/@cnn/video/7668390320354184462
97,https://www.tiktok.com/@cnn/video/7668385043668045069
98,https://www.tiktok.com/@cnn/video/7668382201393728782
99,https://www.tiktok.com/@cnn/video/7668381371785596174
100,https://www.tiktok.com/@cnn/video/7668377681901260045
